{"OPF_thermal_limit_max_dual_contin":{"(1, 3, 4)":-1.549203871186091e-8,"(1, 2, 5)":-2.0069089613026356e-8,"(6, 3, 4)":-1.9849737305938038e-8,"(6, 2, 5)":-2.4829527711296152e-8,"(3, 1, 3)":-2.5921090521693197e-8,"(1, 4, 5)":-1.54024136885415e-8,"(6, 1, 2)":-1.5607121446208702e-8,"(3, 3, 4)":-1.586872813291682e-8,"(4, 1, 4)":-2.225143024847688e-8,"(6, 4, 5)":-1.6478978968938086e-8,"(3, 1, 2)":-2.0304481944364754e-8,"(3, 4, 5)":-1.992494442795585e-8,"(4, 1, 3)":-2.1781961321517448e-8,"(2, 1, 3)":-4.236537210305423e-8,"(5, 1, 4)":-2.2431348439978125e-8,"(4, 2, 5)":-1.89798422180575e-8,"(2, 3, 4)":-1.612172494027388e-8,"(2, 2, 5)":-3.526137004065351e-8,"(4, 1, 2)":-1.525615036000388e-8,"(5, 1, 3)":-1.8715557826306185e-8,"(1, 1, 4)":-2.500852481855504e-8,"(2, 1, 2)":-1.638220082279423e-8,"(4, 4, 5)":-1.5594319841264805e-8,"(2, 4, 5)":-1.558079424685664e-8,"(5, 3, 4)":-1.5573581797801586e-8,"(6, 1, 4)":-1.2526398608255766e-7,"(5, 2, 5)":-2.202478862818556e-8,"(1, 1, 3)":-1.889873319124977e-8,"(5, 1, 2)":-1.5339129224849178e-8,"(3, 1, 4)":-1.17417468882628e-7},"OPF_Qflex_dec":[[[0.0,0.0,0.0,0.0,0.0]]],"OPF_Pflex_inc_con":[[[0.0,0.0,0.0,0.0,0.0]],[[0.0,0.0,0.0,0.0,0.0]],[[0.0,0.0,0.0,0.0,0.0]],[[0.0,0.0,0.0,0.0,0.0]],[[0.0,0.0,0.0,0.0,0.0]],[[0.0,0.0,0.0,0.0,0.0]]],"OPF_Pgen_neg_con":[[[0.0,0.0,0.0,0.0,0.0]],[[0.0,0.0,0.0,0.0,0.0]],[[0.0,0.0,0.0,0.0,0.0]],[[0.0,0.0,0.0,0.0,0.0]],[[0.0,0.0,0.0,0.0,0.0]],[[0.0,0.0,0.0,0.0,0.0]]],"OPF_cost":[7431.914660595863,0.0,0.0,0.003677072642415465,0.021481420668268778,0.0,0.0],"OPF_Qflex_inc_con":[[[0.0,0.0,0.0,0.0,0.0]],[[0.0,0.0,0.0,0.0,0.0]],[[0.0,0.0,0.0,0.0,0.0]],[[0.0,0.0,0.0,0.0,0.0]],[[0.0,0.0,0.0,0.0,0.0]],[[0.0,0.0,0.0,0.0,0.0]]],"qlc_result":[[[1.3783164332196257e-6,1.3794880485919722e-6,0.0,0.0,0.0]]],"OPF_volt_mag_contin":{"(4, 5)":1.0165582472351637,"(1, 2)":0.9550281226942576,"(3, 1)":0.9636472691413618,"(2, 5)":1.0418599463471634,"(6, 2)":0.966253135946999,"(1, 3)":1.017182994960824,"(1, 4)":1.00651298537079,"(6, 3)":1.018002697076577,"(6, 4)":1.0031753118090667,"(5, 5)":1.0197611301519969,"(3, 2)":0.931349250235843,"(3, 3)":1.0613316377903408,"(4, 1)":0.9636274404137019,"(2, 1)":0.9233303243653239,"(3, 4)":1.0155447153322203,"(1, 5)":1.0176270237188219,"(6, 5)":1.0579135851916355,"(4, 2)":0.9616595010497827,"(5, 1)":0.9635037186318627,"(2, 2)":0.9399357692510206,"(4, 3)":1.019039405093275,"(2, 3)":1.0318234432926106,"(3, 5)":1.0279386073598056,"(4, 4)":1.002068223426424,"(2, 4)":1.0539826000094041,"(1, 1)":0.9672466984336667,"(5, 2)":0.9616294532066697,"(6, 1)":0.9508507105233299,"(5, 3)":1.0163278290255724,"(5, 4)":1.0016941065851557},"qlc_result_con":[[[1.3728495015271053e-6,1.3742045552665685e-6,0.0,0.0,0.0]],[[1.3479305381281454e-6,1.3536049915095857e-6,0.0,0.0,0.0]],[[1.3026316962347986e-6,1.29272680732659e-6,0.0,0.0,0.0]],[[1.3730556299911953e-6,1.3746858990327242e-6,0.0,0.0,0.0]],[[1.372847482965518e-6,1.3748866387806685e-6,0.0,0.0,0.0]],[[1.2677557460425623e-6,1.3038860143961186e-6,0.0,0.0,0.0]]],"OPF_Pgen_neg":[[[0.0,0.0,0.0,0.0,0.0]]],"OPF_bra_active_contin":{"(5, 4, 3)":-1.6135411683339496,"(6, 3, 4)":5.278496885262737,"(3, 1, 3)":-6.2044577506469105,"(1, 4, 5)":-0.9849805311766335,"(6, 4, 3)":-5.170950970252341,"(4, 5, 2)":4.634881317376442,"(3, 4, 5)":-5.27915231423975,"(5, 1, 4)":-5.6901072478942885,"(2, 2, 1)":2.7385021177884905,"(5, 1, 3)":-4.4149103195412644,"(6, 1, 4)":-9.938263297230812,"(1, 2, 5)":-4.999998167767979,"(1, 3, 1)":4.684478279084019,"(1, 4, 1)":6.512345504341499,"(6, 4, 5)":-1.4075510452042401,"(4, 1, 4)":-5.606008334718264,"(3, 3, 1)":6.41332328657289,"(1, 5, 4)":0.9893064779055791,"(2, 5, 2)":8.042897823739095,"(3, 1, 2)":5.065868267458224,"(3, 4, 1)":10.085208461182358,"(4, 1, 3)":-5.858954748427935,"(2, 3, 4)":-2.43263794049291,"(3, 5, 4)":5.3891918485550026,"(4, 4, 5)":-1.5428713811556598,"(5, 2, 5)":-5.896990859722373,"(2, 4, 3)":2.45625806278494,"(5, 3, 1)":4.50843991871233,"(5, 1, 2)":-0.8949806026521309,"(5, 4, 1)":5.7722791613263285,"(6, 2, 5)":-6.067675638427041,"(6, 1, 2)":-1.0617350127007332,"(6, 4, 1)":10.170797722923108,"(3, 2, 1)":-4.999998278309147,"(6, 5, 4)":1.4394045515486003,"(2, 1, 3)":-8.28096859932918,"(4, 2, 5)":-4.535519460167214,"(4, 3, 1)":6.012771367261902,"(4, 1, 2)":0.4649649136157066,"(4, 4, 1)":5.686598529460601,"(2, 4, 5)":1.6587294662836403,"(1, 5, 2)":5.123323167393206,"(5, 2, 1)":0.8969926926135109,"(4, 5, 4)":1.5529798408462252,"(1, 3, 4)":1.4335119512824912,"(6, 2, 1)":1.0676773768377574,"(3, 3, 4)":1.170041363696765,"(1, 4, 3)":-1.425276117829923,"(3, 4, 3)":-1.1479820682041786,"(4, 2, 1)":-0.4644787070781285,"(5, 5, 2)":6.054612609948872,"(2, 2, 5)":-7.738500313116985,"(2, 3, 1)":8.637424169464914,"(1, 1, 4)":-6.4127906319129915,"(2, 1, 2)":-2.7190296039985586,"(5, 3, 4)":1.62451718767614,"(6, 5, 2)":6.261933159902995,"(1, 1, 3)":-4.587207537912965,"(3, 1, 4)":-9.861408782587453,"(2, 5, 4)":-1.6484297919825472},"OPF_Qflex_dec_con":[[[0.0,0.0,0.0,0.0,0.0]],[[0.0,0.0,0.0,0.0,0.0]],[[0.0,0.0,0.0,0.0,0.0]],[[0.0,0.0,0.0,0.0,0.0]],[[0.0,0.0,0.0,0.0,0.0]],[[0.0,0.0,0.0,0.0,0.0]]],"OPF_Pflex_inc":[[[0.0,0.0,0.0,0.0,0.0]]],"cont_list":[[[0.0,1.0,1.0,1.0,1.0,1.0]],[[1.0,1.0,0.0,1.0,1.0,1.0]],[[1.0,1.0,1.0,0.0,1.0,1.0]],[[1.0,1.0,1.0,1.0,0.0,1.0]],[[1.0,1.0,1.0,1.0,1.0,0.0]],[[1.0,0.0,1.0,1.0,1.0,1.0]]],"OPF_Pgen":[[[0.0,0.0,6.1884811885043955,3.861745078399077,6.282457324773248]]],"OPF_Pflex_dec":[[[0.0,0.0,0.0,0.0,0.0]]],"OPF_bra_reactive_normal":{"(4, 5)":-0.45818304735918425,"(1, 2)":0.0965763600164733,"(3, 1)":1.5185440795639717,"(2, 5)":-1.6692463012272523,"(1, 3)":-1.5097277125552944,"(1, 4)":-2.586847268497233,"(4, 1)":2.8766351949616817,"(2, 1)":-0.3307523186077046,"(3, 4)":-0.0894166134165034,"(4, 3)":-0.3880290894925757,"(5, 2)":1.7118890276917735,"(5, 4)":-0.020256917849729272},"plc_result_con":[[[1.830466002036141e-6,1.8322727403554252e-6,0.0,0.0,0.0]],[[1.7972407175041944e-6,1.8048066553461148e-6,0.0,0.0,0.0]],[[1.7368422616463987e-6,1.7236357431021205e-6,0.0,0.0,0.0]],[[1.830740839988261e-6,1.8329145320436328e-6,0.0,0.0,0.0]],[[1.8304633106206911e-6,1.833182185040892e-6,0.0,0.0,0.0]],[[1.690340994723417e-6,1.738514685861492e-6,0.0,0.0,0.0]]],"OPF_Pgen_con":[[[0.0,0.0,6.1179902302861375,4.102088855161418,6.112629644956313]],[[0.0,0.0,6.204786227107114,4.114987529066086,6.3944680321145055]],[[0.0,0.0,7.5833646530235095,3.6580740720569542,5.389191845438339]],[[0.0,0.0,6.012771367143259,4.14372714806512,6.187861157901433]],[[0.0,0.0,6.132957105958476,4.158737992577346,6.054612609669503]],[[0.0,0.0,5.278496883944583,3.5922957074621893,7.701337711255708]]],"OPF_Qgen":[[[0.0,0.0,1.4291274661843762,2.030423057918034,1.6916321097326326]]],"reactive_power_balance_contin_dual":{"(4, 5)":6.935552691338586e-8,"(1, 2)":5.270489745929936e-7,"(3, 1)":3.083695852204349e-6,"(2, 5)":2.286531860514173e-7,"(6, 2)":3.1816649523757793e-6,"(1, 3)":2.748762028866921e-8,"(1, 4)":3.3460898880027446e-8,"(6, 3)":-1.547521835985902e-7,"(6, 4)":-4.744536653194223e-9,"(5, 5)":5.448269008108113e-8,"(3, 2)":3.7316369839601563e-6,"(3, 3)":9.114368894767323e-7,"(4, 1)":3.5462812048714395e-7,"(2, 1)":1.7368886653582159e-6,"(3, 4)":4.390425832514656e-8,"(1, 5)":9.621390983911932e-8,"(6, 5)":9.816211891876455e-7,"(4, 2)":3.807048785511944e-7,"(5, 1)":3.5264603485480096e-7,"(2, 2)":1.5516494975136333e-6,"(4, 3)":4.0995273155529875e-8,"(2, 3)":2.2852494330514698e-7,"(3, 5)":-1.7015288599886758e-7,"(4, 4)":7.963815821319981e-8,"(2, 4)":-7.300799663894516e-8,"(1, 1)":3.080378005597822e-7,"(5, 2)":3.8881054820476595e-7,"(6, 1)":3.7501291737423953e-6,"(5, 3)":5.977804374058195e-8,"(5, 4)":7.65192895806494e-8},"OPF_thermal_limit_max_dual_normal":{"(4, 5)":-1.5513836275715263e-8,"(1, 2)":-1.5237309279252153e-8,"(2, 5)":-1.9317001804948873e-8,"(1, 3)":-1.9006770446417854e-8,"(3, 4)":-1.5491465187174967e-8,"(1, 4)":-2.602625150758691e-8},"OPF_volt_ang_normal":{"(5,)":0.0,"(4,)":-0.02698636093805854,"(2,)":-0.0925010422241669,"(3,)":0.0005833549350372142,